﻿{"name":"Meu Tema","dataColors":["#90F381","#46B3F3","#009FEF","#008CEE","#0078ED","#0050EB","#0641C8","#0B31A5"],"tableAccent":"#8BC7F7","maximum":"#8BC7F7","center":"#0B31A5","minimum":"#D2D3D5","textClasses":{"label":{"color":"#174381","fontSize":15},"title":{"fontSize":24},"header":{"fontSize":20}},"visualStyles":{"*":{"*":{"background":[{"color":{"solid":{"color":"#F3F37D"}}}],"border":[{"color":{"solid":{"color":"#FDF7F7"}},"show":true,"radius":20}]}},"page":{"*":{"background":[{"color":{"solid":{"color":"#FFFFFF"}},"transparency":100}]}}}}